host,file,n,mode,endpoint_type,workers,delete_batch,bridge_pool,setup_seconds,teardown_seconds,pool_finalize_seconds,errors
103,current-same_macsec-separate-current-0.json,1000,same_macsec,docker,32,128,False,26.604192502999922,21.931887448999987,0,0
103,current-same_macsec-separate-current-1.json,1000,same_macsec,docker,32,128,False,26.550155082999936,21.38542650499994,0,0
103,current-same_macsec-separate-current-2.json,1000,same_macsec,docker,32,128,False,26.816719855999963,21.234776333000354,0,0
103,current-unique_ipsec-separate-current-0.json,1000,unique_ipsec,docker,32,128,False,26.559118708999904,39.78637200200001,0,0
103,current-unique_ipsec-separate-current-1.json,1000,unique_ipsec,docker,32,128,False,26.96505848400011,42.24976420500025,0,0
103,current-unique_ipsec-separate-current-2.json,1000,unique_ipsec,docker,32,128,False,26.886031524999908,40.83580248399994,0,0
103,dedicated-standalone-verified-native-marked_ipsec-batch-exact-0.json,1000,marked_ipsec,standalone,32,256,True,2.622330088999661,2.0327119150006183,19.013177806000385,0
103,dedicated-standalone-verified-native-marked_ipsec-batch-exact-1.json,1000,marked_ipsec,standalone,32,256,True,2.121368785001323,2.108313126000212,19.202261147000172,0
103,dedicated-standalone-verified-native-marked_ipsec-batch-exact-2.json,1000,marked_ipsec,standalone,32,256,True,2.1500905149987375,1.9626826769999752,19.142063895998945,0
103,dedicated-standalone-verified-native-same_macsec-batch-exact-0.json,1000,same_macsec,standalone,32,256,True,3.0590071930000704,2.0831449899997097,19.40848575599921,0
103,dedicated-standalone-verified-native-same_macsec-batch-exact-1.json,1000,same_macsec,standalone,32,256,True,2.93137342800037,2.13742467100019,19.15326676299992,0
103,dedicated-standalone-verified-native-same_macsec-batch-exact-2.json,1000,same_macsec,standalone,32,256,True,2.8760326270003134,2.1046517789982317,18.642374470000505,0
103,dedicated-verified-native-marked_ipsec-batch-exact-0.json,1000,marked_ipsec,docker,32,256,True,1.3266330210008164,1.2468777619997127,19.390736499999548,0
103,dedicated-verified-native-marked_ipsec-batch-exact-1.json,1000,marked_ipsec,docker,32,256,True,1.2868569590009429,1.1422001740011183,18.86564196799918,0
103,dedicated-verified-native-marked_ipsec-batch-exact-2.json,1000,marked_ipsec,docker,32,256,True,1.3071625540014793,1.096590537999873,18.89509747500051,0
103,dedicated-verified-native-same_macsec-batch-exact-0.json,1000,same_macsec,docker,32,256,True,1.6051107649982441,1.0573909510003432,18.7403406500016,0
103,dedicated-verified-native-same_macsec-batch-exact-1.json,1000,same_macsec,docker,32,256,True,1.5463134170004196,1.1315012009999919,19.106018590999156,0
103,dedicated-verified-native-same_macsec-batch-exact-2.json,1000,same_macsec,docker,32,256,True,1.4590393710004719,1.1032713469994633,18.788529991999894,0
103,standalone-before-current-same_macsec-separate-current-0.json,1000,same_macsec,standalone,32,128,False,26.843329307000204,22.807175816999916,0,0
103,standalone-before-current-same_macsec-separate-current-1.json,1000,same_macsec,standalone,32,128,False,25.630759616000432,22.51989109799979,0,0
103,standalone-before-current-same_macsec-separate-current-2.json,1000,same_macsec,standalone,32,128,False,26.2446444899997,22.962908597999558,0,0
103,standalone-before-current-unique_ipsec-separate-current-0.json,1000,unique_ipsec,standalone,32,128,False,26.26290826500008,42.370665787999314,0,0
103,standalone-before-current-unique_ipsec-separate-current-1.json,1000,unique_ipsec,standalone,32,128,False,26.31545869599995,42.53554486300072,0,0
103,standalone-before-current-unique_ipsec-separate-current-2.json,1000,unique_ipsec,standalone,32,128,False,26.237560334999216,42.30804545899991,0,0
104,current-same_macsec-separate-current-0.json,1000,same_macsec,docker,32,128,False,26.947208798000247,22.256893795999986,0,0
104,current-same_macsec-separate-current-1.json,1000,same_macsec,docker,32,128,False,26.690454629000214,21.409367721999843,0,0
104,current-same_macsec-separate-current-2.json,1000,same_macsec,docker,32,128,False,27.00007285699985,22.11527607700009,0,0
104,current-unique_ipsec-separate-current-0.json,1000,unique_ipsec,docker,32,128,False,26.864990578999823,41.289969480999844,0,0
104,current-unique_ipsec-separate-current-1.json,1000,unique_ipsec,docker,32,128,False,26.8693743609997,42.794805046999954,0,0
104,current-unique_ipsec-separate-current-2.json,1000,unique_ipsec,docker,32,128,False,27.000352916000338,43.273546184000224,0,0
104,dedicated-standalone-verified-native-marked_ipsec-batch-exact-0.json,1000,marked_ipsec,standalone,32,256,True,2.3235657299992454,1.8606125749993225,19.624729072000264,0
104,dedicated-standalone-verified-native-marked_ipsec-batch-exact-1.json,1000,marked_ipsec,standalone,32,256,True,2.2938783270001295,1.7577519880014734,19.978457798000818,0
104,dedicated-standalone-verified-native-marked_ipsec-batch-exact-2.json,1000,marked_ipsec,standalone,32,256,True,2.272629240000242,1.7792968090016075,19.717092849999972,0
104,dedicated-standalone-verified-native-same_macsec-batch-exact-0.json,1000,same_macsec,standalone,32,256,True,2.8979614119998587,2.115458279999075,19.388412821999736,0
104,dedicated-standalone-verified-native-same_macsec-batch-exact-1.json,1000,same_macsec,standalone,32,256,True,2.8620186650005053,2.1357761130002473,19.488554655999906,0
104,dedicated-standalone-verified-native-same_macsec-batch-exact-2.json,1000,same_macsec,standalone,32,256,True,2.8528499280000688,2.068563410999559,19.926247773000796,0
104,dedicated-verified-native-marked_ipsec-batch-exact-0.json,1000,marked_ipsec,docker,32,256,True,1.2062360649997572,0.9888636050000059,19.400908868999977,0
104,dedicated-verified-native-marked_ipsec-batch-exact-1.json,1000,marked_ipsec,docker,32,256,True,1.247962567000286,1.0123431899992283,18.32362299000124,0
104,dedicated-verified-native-marked_ipsec-batch-exact-2.json,1000,marked_ipsec,docker,32,256,True,1.3005697970002075,1.0044176560004416,19.878473148999547,0
104,dedicated-verified-native-same_macsec-batch-exact-0.json,1000,same_macsec,docker,32,256,True,1.5827909279996675,1.0385839139999007,19.303476221999517,0
104,dedicated-verified-native-same_macsec-batch-exact-1.json,1000,same_macsec,docker,32,256,True,1.503510021000693,1.029113447000782,19.735865526999987,0
104,dedicated-verified-native-same_macsec-batch-exact-2.json,1000,same_macsec,docker,32,256,True,1.440755927000282,0.9894029629995202,19.910825659000693,0
104,standalone-before-current-same_macsec-separate-current-0.json,1000,same_macsec,standalone,32,128,False,25.886721271999704,22.86172220899971,0,0
104,standalone-before-current-same_macsec-separate-current-1.json,1000,same_macsec,standalone,32,128,False,26.372595077999904,23.458390187999612,0,0
104,standalone-before-current-same_macsec-separate-current-2.json,1000,same_macsec,standalone,32,128,False,26.24862488799954,22.756447050000133,0,0
104,standalone-before-current-unique_ipsec-separate-current-0.json,1000,unique_ipsec,standalone,32,128,False,26.113668330999644,42.392962511000405,0,0
104,standalone-before-current-unique_ipsec-separate-current-1.json,1000,unique_ipsec,standalone,32,128,False,26.258003933999134,44.781558896000206,0,0
104,standalone-before-current-unique_ipsec-separate-current-2.json,1000,unique_ipsec,standalone,32,128,False,26.060352700000294,43.79920314800074,0,0
