topology,phase,version,host,step,value,unit
same,setup,before,103,docker_pid_lookup,79.35910327699867,mean step latency ms per endpoint
same,setup,before,104,docker_pid_lookup,79.35041706499806,mean step latency ms per endpoint
same,setup,after,103,docker_pid_lookup,0.0,mean step latency ms per endpoint
same,setup,after,104,docker_pid_lookup,0.0,mean step latency ms per endpoint
same,setup,before,103,endpoint_veth,0.8390721680020761,mean step latency ms per endpoint
same,setup,before,104,endpoint_veth,0.8323602050008958,mean step latency ms per endpoint
same,setup,after,103,endpoint_veth,2.41394401702928,mean step latency ms per endpoint
same,setup,after,104,endpoint_veth,2.433605128973795,mean step latency ms per endpoint
same,setup,before,103,namespace_address,72.90417988399122,mean step latency ms per endpoint
same,setup,before,104,namespace_address,72.84608978999495,mean step latency ms per endpoint
same,setup,after,103,namespace_address,0.0,mean step latency ms per endpoint
same,setup,after,104,namespace_address,0.0,mean step latency ms per endpoint
same,setup,before,103,endpoint_namespace,2.2051923749891102,mean step latency ms per endpoint
same,setup,before,104,endpoint_namespace,2.239983410003788,mean step latency ms per endpoint
same,setup,after,103,endpoint_namespace,4.67265723899618,mean step latency ms per endpoint
same,setup,after,104,endpoint_namespace,4.725107001024298,mean step latency ms per endpoint
same,setup,before,103,bridge_attach,0.966015228996639,mean step latency ms per endpoint
same,setup,before,104,bridge_attach,0.9791929239954698,mean step latency ms per endpoint
same,setup,after,103,bridge_attach,6.6957831980089395,mean step latency ms per endpoint
same,setup,after,104,bridge_attach,6.653195787990626,mean step latency ms per endpoint
same,setup,before,103,stale_cross_host_cleanup,71.57157450299837,mean step latency ms per endpoint
same,setup,before,104,stale_cross_host_cleanup,72.53521203899982,mean step latency ms per endpoint
same,setup,after,103,stale_cross_host_cleanup,0.0,mean step latency ms per endpoint
same,setup,after,104,stale_cross_host_cleanup,0.0,mean step latency ms per endpoint
same,setup,before,103,transport_veth,0.6485146170016378,mean step latency ms per endpoint
same,setup,before,104,transport_veth,0.6400952219978535,mean step latency ms per endpoint
same,setup,after,103,transport_veth,4.323953339026048,mean step latency ms per endpoint
same,setup,after,104,transport_veth,4.373588971015124,mean step latency ms per endpoint
same,setup,before,103,crypto_install,78.22672732501132,mean step latency ms per endpoint
same,setup,before,104,crypto_install,78.81376476399464,mean step latency ms per endpoint
same,setup,after,103,crypto_install,12.127616221996504,mean step latency ms per endpoint
same,setup,after,104,crypto_install,11.71110957100791,mean step latency ms per endpoint
same,setup,before,103,crypto_attach,0.4003863070006446,mean step latency ms per endpoint
same,setup,before,104,crypto_attach,0.38055453600372857,mean step latency ms per endpoint
same,setup,after,103,crypto_attach,2.658238162021007,mean step latency ms per endpoint
same,setup,after,104,crypto_attach,2.600643470983414,mean step latency ms per endpoint
same,setup,before,103,ip_forward,73.91988824299006,mean step latency ms per endpoint
same,setup,before,104,ip_forward,75.32700835300147,mean step latency ms per endpoint
same,setup,after,103,ip_forward,0.0,mean step latency ms per endpoint
same,setup,after,104,ip_forward,0.0,mean step latency ms per endpoint
same,setup,before,103,forward_policy,186.59946051100133,mean step latency ms per endpoint
same,setup,before,104,forward_policy,188.48801051399187,mean step latency ms per endpoint
same,setup,after,103,forward_policy,0.0,mean step latency ms per endpoint
same,setup,after,104,forward_policy,0.0,mean step latency ms per endpoint
same,teardown,before,103,crypto_remove,0.2314467969999896,phase wall seconds per 1000 endpoints
same,teardown,before,104,crypto_remove,0.21972584700006337,phase wall seconds per 1000 endpoints
same,teardown,after,103,crypto_remove,0.015051641999889398,phase wall seconds per 1000 endpoints
same,teardown,after,104,crypto_remove,0.014547401000527316,phase wall seconds per 1000 endpoints
same,teardown,before,103,link_dump,0.043029678000038984,phase wall seconds per 1000 endpoints
same,teardown,before,104,link_dump,0.03991777999999613,phase wall seconds per 1000 endpoints
same,teardown,after,103,link_dump,0.04212548999930732,phase wall seconds per 1000 endpoints
same,teardown,after,104,link_dump,0.03726400699997612,phase wall seconds per 1000 endpoints
same,teardown,before,103,regroup,0.07161224599985871,phase wall seconds per 1000 endpoints
same,teardown,before,104,regroup,0.06720656200059238,phase wall seconds per 1000 endpoints
same,teardown,after,103,regroup,0.06531568899845297,phase wall seconds per 1000 endpoints
same,teardown,after,104,regroup,0.058082227000340936,phase wall seconds per 1000 endpoints
same,teardown,before,103,link_delete,21.02529624899944,phase wall seconds per 1000 endpoints
same,teardown,before,104,link_delete,21.77346547900015,phase wall seconds per 1000 endpoints
same,teardown,after,103,link_delete,0.7516921109981922,phase wall seconds per 1000 endpoints
same,teardown,after,104,link_delete,0.7030783329973929,phase wall seconds per 1000 endpoints
same,teardown,before,103,last_peer_crypto,0,phase wall seconds per 1000 endpoints
same,teardown,before,104,last_peer_crypto,0,phase wall seconds per 1000 endpoints
same,teardown,after,103,last_peer_crypto,0,phase wall seconds per 1000 endpoints
same,teardown,after,104,last_peer_crypto,0,phase wall seconds per 1000 endpoints
same,teardown,before,103,bridge_reset,0,phase wall seconds per 1000 endpoints
same,teardown,before,104,bridge_reset,0,phase wall seconds per 1000 endpoints
same,teardown,after,103,bridge_reset,0.22475482600020769,phase wall seconds per 1000 endpoints
same,teardown,after,104,bridge_reset,0.2105919890000223,phase wall seconds per 1000 endpoints
same,teardown,before,103,namespace_remove,0,phase wall seconds per 1000 endpoints
same,teardown,before,104,namespace_remove,0,phase wall seconds per 1000 endpoints
same,teardown,after,103,namespace_remove,0,phase wall seconds per 1000 endpoints
same,teardown,after,104,namespace_remove,0,phase wall seconds per 1000 endpoints
same,teardown,before,103,residual,0.01003843000080451,phase wall seconds per 1000 endpoints
same,teardown,before,104,residual,0.009491472000718204,phase wall seconds per 1000 endpoints
same,teardown,after,103,residual,0.004233579003994237,phase wall seconds per 1000 endpoints
same,teardown,after,104,residual,0.004512391000389471,phase wall seconds per 1000 endpoints
same,teardown,before,103,endpoint_total,21.38542650499994,phase wall seconds per 1000 endpoints
same,teardown,before,104,endpoint_total,22.11527607700009,phase wall seconds per 1000 endpoints
same,teardown,after,103,endpoint_total,1.1032713469994633,phase wall seconds per 1000 endpoints
same,teardown,after,104,endpoint_total,1.029113447000782,phase wall seconds per 1000 endpoints
same,teardown,before,103,pool_finalize,0,phase wall seconds per 1000 endpoints
same,teardown,before,104,pool_finalize,0,phase wall seconds per 1000 endpoints
same,teardown,after,103,pool_finalize,18.788529991999894,phase wall seconds per 1000 endpoints
same,teardown,after,104,pool_finalize,19.735865526999987,phase wall seconds per 1000 endpoints
same,teardown,before,103,final_total,21.38542650499994,phase wall seconds per 1000 endpoints
same,teardown,before,104,final_total,22.11527607700009,phase wall seconds per 1000 endpoints
same,teardown,after,103,final_total,19.891801338999358,phase wall seconds per 1000 endpoints
same,teardown,after,104,final_total,20.76497897400077,phase wall seconds per 1000 endpoints
cross,setup,before,103,docker_pid_lookup,206.01417749100074,mean step latency ms per endpoint
cross,setup,before,104,docker_pid_lookup,204.01270498300119,mean step latency ms per endpoint
cross,setup,after,103,docker_pid_lookup,0.0,mean step latency ms per endpoint
cross,setup,after,104,docker_pid_lookup,0.0,mean step latency ms per endpoint
cross,setup,before,103,endpoint_veth,0.89003964499625,mean step latency ms per endpoint
cross,setup,before,104,endpoint_veth,0.8752286039948558,mean step latency ms per endpoint
cross,setup,after,103,endpoint_veth,3.364085988014267,mean step latency ms per endpoint
cross,setup,after,104,endpoint_veth,3.1823155890106136,mean step latency ms per endpoint
cross,setup,before,103,namespace_address,219.58352298098725,mean step latency ms per endpoint
cross,setup,before,104,namespace_address,218.13105128699908,mean step latency ms per endpoint
cross,setup,after,103,namespace_address,0.0,mean step latency ms per endpoint
cross,setup,after,104,namespace_address,0.0,mean step latency ms per endpoint
cross,setup,before,103,endpoint_namespace,2.22406899100406,mean step latency ms per endpoint
cross,setup,before,104,endpoint_namespace,2.2821320950015433,mean step latency ms per endpoint
cross,setup,after,103,endpoint_namespace,8.064144441050303,mean step latency ms per endpoint
cross,setup,after,104,endpoint_namespace,7.663545459970919,mean step latency ms per endpoint
cross,setup,before,103,bridge_attach,0.9443332029950398,mean step latency ms per endpoint
cross,setup,before,104,bridge_attach,0.9624209819953649,mean step latency ms per endpoint
cross,setup,after,103,bridge_attach,12.061696920987742,mean step latency ms per endpoint
cross,setup,after,104,bridge_attach,11.526814272036063,mean step latency ms per endpoint
cross,setup,before,103,stale_same_host_cleanup,0.1248625880034524,mean step latency ms per endpoint
cross,setup,before,104,stale_same_host_cleanup,0.1394122760002574,mean step latency ms per endpoint
cross,setup,after,103,stale_same_host_cleanup,0.0,mean step latency ms per endpoint
cross,setup,after,104,stale_same_host_cleanup,0.0,mean step latency ms per endpoint
cross,setup,before,103,vxlan,0.672763748993475,mean step latency ms per endpoint
cross,setup,before,104,vxlan,0.716791269998339,mean step latency ms per endpoint
cross,setup,after,103,vxlan,4.686633562969291,mean step latency ms per endpoint
cross,setup,after,104,vxlan,4.543669242957549,mean step latency ms per endpoint
cross,setup,before,103,key_salt_hash,217.74482145599586,mean step latency ms per endpoint
cross,setup,before,104,key_salt_hash,222.34723589700343,mean step latency ms per endpoint
cross,setup,after,103,key_salt_hash,0.0,mean step latency ms per endpoint
cross,setup,after,104,key_salt_hash,0.0,mean step latency ms per endpoint
cross,setup,before,103,crypto_install,6.211803014001362,mean step latency ms per endpoint
cross,setup,before,104,crypto_install,6.376581917999374,mean step latency ms per endpoint
cross,setup,after,103,crypto_install,10.181084011026542,mean step latency ms per endpoint
cross,setup,after,104,crypto_install,9.786214496025423,mean step latency ms per endpoint
cross,setup,before,103,crypto_attach,0.0011690139936035848,mean step latency ms per endpoint
cross,setup,before,104,crypto_attach,0.0011366039943823125,mean step latency ms per endpoint
cross,setup,after,103,crypto_attach,3.0658850179861474,mean step latency ms per endpoint
cross,setup,after,104,crypto_attach,2.937648100012666,mean step latency ms per endpoint
cross,setup,before,103,ip_forward,1.7442127860035725,mean step latency ms per endpoint
cross,setup,before,104,ip_forward,1.7465364710028553,mean step latency ms per endpoint
cross,setup,after,103,ip_forward,0.0,mean step latency ms per endpoint
cross,setup,after,104,ip_forward,0.0,mean step latency ms per endpoint
cross,setup,before,103,forward_policy,186.97328006099315,mean step latency ms per endpoint
cross,setup,before,104,forward_policy,186.40636954599995,mean step latency ms per endpoint
cross,setup,after,103,forward_policy,0.0,mean step latency ms per endpoint
cross,setup,after,104,forward_policy,0.0,mean step latency ms per endpoint
cross,teardown,before,103,crypto_remove,1.1273808369996914,phase wall seconds per 1000 endpoints
cross,teardown,before,104,crypto_remove,0.9527760510000007,phase wall seconds per 1000 endpoints
cross,teardown,after,103,crypto_remove,0.10849063400019077,phase wall seconds per 1000 endpoints
cross,teardown,after,104,crypto_remove,0.09373600999970222,phase wall seconds per 1000 endpoints
cross,teardown,before,103,link_dump,0.03520511099986834,phase wall seconds per 1000 endpoints
cross,teardown,before,104,link_dump,0.029671421000330156,phase wall seconds per 1000 endpoints
cross,teardown,after,103,link_dump,0.03249129200048628,phase wall seconds per 1000 endpoints
cross,teardown,after,104,link_dump,0.029730593998465338,phase wall seconds per 1000 endpoints
cross,teardown,before,103,regroup,0.06066882599952805,phase wall seconds per 1000 endpoints
cross,teardown,before,104,regroup,0.05487446900042414,phase wall seconds per 1000 endpoints
cross,teardown,after,103,regroup,0.04655084199839621,phase wall seconds per 1000 endpoints
cross,teardown,after,104,regroup,0.04367634400114184,phase wall seconds per 1000 endpoints
cross,teardown,before,103,link_delete,39.60681719200011,phase wall seconds per 1000 endpoints
cross,teardown,before,104,link_delete,41.75468264100027,phase wall seconds per 1000 endpoints
cross,teardown,after,103,link_delete,0.7347175150007388,phase wall seconds per 1000 endpoints
cross,teardown,after,104,link_delete,0.6216607180012943,phase wall seconds per 1000 endpoints
cross,teardown,before,103,last_peer_crypto,0,phase wall seconds per 1000 endpoints
cross,teardown,before,104,last_peer_crypto,0,phase wall seconds per 1000 endpoints
cross,teardown,after,103,last_peer_crypto,0.0019810339999821736,phase wall seconds per 1000 endpoints
cross,teardown,after,104,last_peer_crypto,0.002140315000360715,phase wall seconds per 1000 endpoints
cross,teardown,before,103,bridge_reset,0,phase wall seconds per 1000 endpoints
cross,teardown,before,104,bridge_reset,0,phase wall seconds per 1000 endpoints
cross,teardown,after,103,bridge_reset,0.22077776199876098,phase wall seconds per 1000 endpoints
cross,teardown,after,104,bridge_reset,0.20146114900126122,phase wall seconds per 1000 endpoints
cross,teardown,before,103,namespace_remove,0,phase wall seconds per 1000 endpoints
cross,teardown,before,104,namespace_remove,0,phase wall seconds per 1000 endpoints
cross,teardown,after,103,namespace_remove,0,phase wall seconds per 1000 endpoints
cross,teardown,after,104,namespace_remove,0,phase wall seconds per 1000 endpoints
cross,teardown,before,103,residual,0.005248928001492459,phase wall seconds per 1000 endpoints
cross,teardown,before,104,residual,0.005278315998111793,phase wall seconds per 1000 endpoints
cross,teardown,after,103,residual,0.0027604130027611973,phase wall seconds per 1000 endpoints
cross,teardown,after,104,residual,0.0026840499976970023,phase wall seconds per 1000 endpoints
cross,teardown,before,103,endpoint_total,40.83580248399994,phase wall seconds per 1000 endpoints
cross,teardown,before,104,endpoint_total,42.794805046999954,phase wall seconds per 1000 endpoints
cross,teardown,after,103,endpoint_total,1.1422001740011183,phase wall seconds per 1000 endpoints
cross,teardown,after,104,endpoint_total,1.0044176560004416,phase wall seconds per 1000 endpoints
cross,teardown,before,103,pool_finalize,0,phase wall seconds per 1000 endpoints
cross,teardown,before,104,pool_finalize,0,phase wall seconds per 1000 endpoints
cross,teardown,after,103,pool_finalize,18.89509747500051,phase wall seconds per 1000 endpoints
cross,teardown,after,104,pool_finalize,19.400908868999977,phase wall seconds per 1000 endpoints
cross,teardown,before,103,final_total,40.83580248399994,phase wall seconds per 1000 endpoints
cross,teardown,before,104,final_total,42.794805046999954,phase wall seconds per 1000 endpoints
cross,teardown,after,103,final_total,20.0078421420003,phase wall seconds per 1000 endpoints
cross,teardown,after,104,final_total,20.389772473999983,phase wall seconds per 1000 endpoints
standalone_same,setup,before,103,namespace_create,66.54328065299433,mean step latency ms per endpoint
standalone_same,setup,before,104,namespace_create,65.14231340799597,mean step latency ms per endpoint
standalone_same,setup,after,103,namespace_create,4.886604851983066,mean step latency ms per endpoint
standalone_same,setup,after,104,namespace_create,4.868656473012379,mean step latency ms per endpoint
standalone_same,setup,before,103,endpoint_veth,1.0185169599935762,mean step latency ms per endpoint
standalone_same,setup,before,104,endpoint_veth,0.9866912810084614,mean step latency ms per endpoint
standalone_same,setup,after,103,endpoint_veth,3.126115906979976,mean step latency ms per endpoint
standalone_same,setup,after,104,endpoint_veth,3.1345602559886174,mean step latency ms per endpoint
standalone_same,setup,before,103,namespace_address,76.02509606602052,mean step latency ms per endpoint
standalone_same,setup,before,104,namespace_address,74.37643777899939,mean step latency ms per endpoint
standalone_same,setup,after,103,namespace_address,0.0,mean step latency ms per endpoint
standalone_same,setup,after,104,namespace_address,0.0,mean step latency ms per endpoint
standalone_same,setup,before,103,endpoint_namespace,2.177253055998335,mean step latency ms per endpoint
standalone_same,setup,before,104,endpoint_namespace,2.170608549010467,mean step latency ms per endpoint
standalone_same,setup,after,103,endpoint_namespace,7.33440056400832,mean step latency ms per endpoint
standalone_same,setup,after,104,endpoint_namespace,7.546225752010287,mean step latency ms per endpoint
standalone_same,setup,before,103,namespace_default_route,2.125382692021958,mean step latency ms per endpoint
standalone_same,setup,before,104,namespace_default_route,2.1330509770023127,mean step latency ms per endpoint
standalone_same,setup,after,103,namespace_default_route,0.0,mean step latency ms per endpoint
standalone_same,setup,after,104,namespace_default_route,0.0,mean step latency ms per endpoint
standalone_same,setup,before,103,bridge_attach,1.3088737659891194,mean step latency ms per endpoint
standalone_same,setup,before,104,bridge_attach,1.3098933469909753,mean step latency ms per endpoint
standalone_same,setup,after,103,bridge_attach,8.718627845015362,mean step latency ms per endpoint
standalone_same,setup,after,104,bridge_attach,9.080682475014328,mean step latency ms per endpoint
standalone_same,setup,before,103,stale_cross_host_cleanup,71.91133870301655,mean step latency ms per endpoint
standalone_same,setup,before,104,stale_cross_host_cleanup,70.98152886301705,mean step latency ms per endpoint
standalone_same,setup,after,103,stale_cross_host_cleanup,0.0,mean step latency ms per endpoint
standalone_same,setup,after,104,stale_cross_host_cleanup,0.0,mean step latency ms per endpoint
standalone_same,setup,before,103,transport_veth,0.8383062919883741,mean step latency ms per endpoint
standalone_same,setup,before,104,transport_veth,0.7880844240016813,mean step latency ms per endpoint
standalone_same,setup,after,103,transport_veth,6.006543061979755,mean step latency ms per endpoint
standalone_same,setup,after,104,transport_veth,6.06983936198958,mean step latency ms per endpoint
standalone_same,setup,before,103,crypto_install,74.62438165398362,mean step latency ms per endpoint
standalone_same,setup,before,104,crypto_install,77.58751757198297,mean step latency ms per endpoint
standalone_same,setup,after,103,crypto_install,28.810768029992687,mean step latency ms per endpoint
standalone_same,setup,after,104,crypto_install,26.566806505035856,mean step latency ms per endpoint
standalone_same,setup,before,103,crypto_attach,0.5688422070170418,mean step latency ms per endpoint
standalone_same,setup,before,104,crypto_attach,0.5716059190035594,mean step latency ms per endpoint
standalone_same,setup,after,103,crypto_attach,3.8981932749939006,mean step latency ms per endpoint
standalone_same,setup,after,104,crypto_attach,3.868423358995642,mean step latency ms per endpoint
standalone_same,setup,before,103,ip_forward,72.39206601799833,mean step latency ms per endpoint
standalone_same,setup,before,104,ip_forward,73.98789360697992,mean step latency ms per endpoint
standalone_same,setup,after,103,ip_forward,0.0,mean step latency ms per endpoint
standalone_same,setup,after,104,ip_forward,0.0,mean step latency ms per endpoint
standalone_same,setup,before,103,forward_policy,190.9594032540017,mean step latency ms per endpoint
standalone_same,setup,before,104,forward_policy,191.41601103700032,mean step latency ms per endpoint
standalone_same,setup,after,103,forward_policy,0.0,mean step latency ms per endpoint
standalone_same,setup,after,104,forward_policy,0.0,mean step latency ms per endpoint
standalone_same,teardown,before,103,crypto_remove,0.2422604280000087,phase wall seconds per 1000 endpoints
standalone_same,teardown,before,104,crypto_remove,0.2182822650001981,phase wall seconds per 1000 endpoints
standalone_same,teardown,after,103,crypto_remove,0.015825425000002724,phase wall seconds per 1000 endpoints
standalone_same,teardown,after,104,crypto_remove,0.016641112999423058,phase wall seconds per 1000 endpoints
standalone_same,teardown,before,103,link_dump,0.04512092400000256,phase wall seconds per 1000 endpoints
standalone_same,teardown,before,104,link_dump,0.04227208699921903,phase wall seconds per 1000 endpoints
standalone_same,teardown,after,103,link_dump,0.051879800001188414,phase wall seconds per 1000 endpoints
standalone_same,teardown,after,104,link_dump,0.04350687499936612,phase wall seconds per 1000 endpoints
standalone_same,teardown,before,103,regroup,0.1988981730019077,phase wall seconds per 1000 endpoints
standalone_same,teardown,before,104,regroup,0.1906206760004352,phase wall seconds per 1000 endpoints
standalone_same,teardown,after,103,regroup,0.1584367499981454,phase wall seconds per 1000 endpoints
standalone_same,teardown,after,104,regroup,0.15384990899838158,phase wall seconds per 1000 endpoints
standalone_same,teardown,before,103,link_delete,21.881140870002127,phase wall seconds per 1000 endpoints
standalone_same,teardown,before,104,link_delete,21.944572049999806,phase wall seconds per 1000 endpoints
standalone_same,teardown,after,103,link_delete,1.4429912910018174,phase wall seconds per 1000 endpoints
standalone_same,teardown,after,104,link_delete,1.4755538709996472,phase wall seconds per 1000 endpoints
standalone_same,teardown,before,103,last_peer_crypto,0,phase wall seconds per 1000 endpoints
standalone_same,teardown,before,104,last_peer_crypto,0,phase wall seconds per 1000 endpoints
standalone_same,teardown,after,103,last_peer_crypto,0,phase wall seconds per 1000 endpoints
standalone_same,teardown,after,104,last_peer_crypto,0,phase wall seconds per 1000 endpoints
standalone_same,teardown,before,103,bridge_reset,0,phase wall seconds per 1000 endpoints
standalone_same,teardown,before,104,bridge_reset,0,phase wall seconds per 1000 endpoints
standalone_same,teardown,after,103,bridge_reset,0.35899442799927783,phase wall seconds per 1000 endpoints
standalone_same,teardown,after,104,bridge_reset,0.33411100800003624,phase wall seconds per 1000 endpoints
standalone_same,teardown,before,103,namespace_remove,0.41913053300049796,phase wall seconds per 1000 endpoints
standalone_same,teardown,before,104,namespace_remove,0.4453701889997319,phase wall seconds per 1000 endpoints
standalone_same,teardown,after,103,namespace_remove,0.07766712100055884,phase wall seconds per 1000 endpoints
standalone_same,teardown,after,104,namespace_remove,0.08148973399875103,phase wall seconds per 1000 endpoints
standalone_same,teardown,before,103,residual,0.013892757996472938,phase wall seconds per 1000 endpoints
standalone_same,teardown,before,104,residual,0.014272633001382928,phase wall seconds per 1000 endpoints
standalone_same,teardown,after,103,residual,0.011372609000318334,phase wall seconds per 1000 endpoints
standalone_same,teardown,after,104,residual,0.010276483999405173,phase wall seconds per 1000 endpoints
standalone_same,teardown,before,103,endpoint_total,22.807175816999916,phase wall seconds per 1000 endpoints
standalone_same,teardown,before,104,endpoint_total,22.86172220899971,phase wall seconds per 1000 endpoints
standalone_same,teardown,after,103,endpoint_total,2.1046517789982317,phase wall seconds per 1000 endpoints
standalone_same,teardown,after,104,endpoint_total,2.115458279999075,phase wall seconds per 1000 endpoints
standalone_same,teardown,before,103,pool_finalize,0,phase wall seconds per 1000 endpoints
standalone_same,teardown,before,104,pool_finalize,0,phase wall seconds per 1000 endpoints
standalone_same,teardown,after,103,pool_finalize,19.15326676299992,phase wall seconds per 1000 endpoints
standalone_same,teardown,after,104,pool_finalize,19.488554655999906,phase wall seconds per 1000 endpoints
standalone_same,teardown,before,103,final_total,22.807175816999916,phase wall seconds per 1000 endpoints
standalone_same,teardown,before,104,final_total,22.86172220899971,phase wall seconds per 1000 endpoints
standalone_same,teardown,after,103,final_total,21.29069143400011,phase wall seconds per 1000 endpoints
standalone_same,teardown,after,104,final_total,21.624330769000153,phase wall seconds per 1000 endpoints
standalone_cross,setup,before,103,namespace_create,191.64908490701328,mean step latency ms per endpoint
standalone_cross,setup,before,104,namespace_create,188.84418300700963,mean step latency ms per endpoint
standalone_cross,setup,after,103,namespace_create,7.868200965043797,mean step latency ms per endpoint
standalone_cross,setup,after,104,namespace_create,8.669533811946167,mean step latency ms per endpoint
standalone_cross,setup,before,103,endpoint_veth,1.1218170359861688,mean step latency ms per endpoint
standalone_cross,setup,before,104,endpoint_veth,1.0944103069905395,mean step latency ms per endpoint
standalone_cross,setup,after,103,endpoint_veth,4.953951551009595,mean step latency ms per endpoint
standalone_cross,setup,after,104,endpoint_veth,5.114434823988631,mean step latency ms per endpoint
standalone_cross,setup,before,103,namespace_address,213.49036903999058,mean step latency ms per endpoint
standalone_cross,setup,before,104,namespace_address,217.29946941801336,mean step latency ms per endpoint
standalone_cross,setup,after,103,namespace_address,0.0,mean step latency ms per endpoint
standalone_cross,setup,after,104,namespace_address,0.0,mean step latency ms per endpoint
standalone_cross,setup,before,103,endpoint_namespace,2.2338837379920733,mean step latency ms per endpoint
standalone_cross,setup,before,104,endpoint_namespace,2.2719752049815725,mean step latency ms per endpoint
standalone_cross,setup,after,103,endpoint_namespace,13.656723202011563,mean step latency ms per endpoint
standalone_cross,setup,after,104,endpoint_namespace,14.517729150975356,mean step latency ms per endpoint
standalone_cross,setup,before,103,namespace_default_route,2.1587346589994922,mean step latency ms per endpoint
standalone_cross,setup,before,104,namespace_default_route,2.1776053330067953,mean step latency ms per endpoint
standalone_cross,setup,after,103,namespace_default_route,0.0,mean step latency ms per endpoint
standalone_cross,setup,after,104,namespace_default_route,0.0,mean step latency ms per endpoint
standalone_cross,setup,before,103,bridge_attach,1.3229382920135322,mean step latency ms per endpoint
standalone_cross,setup,before,104,bridge_attach,1.3165788379965306,mean step latency ms per endpoint
standalone_cross,setup,after,103,bridge_attach,16.688347805995363,mean step latency ms per endpoint
standalone_cross,setup,after,104,bridge_attach,17.83110374202988,mean step latency ms per endpoint
standalone_cross,setup,before,103,stale_same_host_cleanup,0.2098209410041818,mean step latency ms per endpoint
standalone_cross,setup,before,104,stale_same_host_cleanup,0.21914597899012733,mean step latency ms per endpoint
standalone_cross,setup,after,103,stale_same_host_cleanup,0.0,mean step latency ms per endpoint
standalone_cross,setup,after,104,stale_same_host_cleanup,0.0,mean step latency ms per endpoint
standalone_cross,setup,before,103,vxlan,0.9396179590021347,mean step latency ms per endpoint
standalone_cross,setup,before,104,vxlan,0.9658138610038804,mean step latency ms per endpoint
standalone_cross,setup,after,103,vxlan,6.566002619994833,mean step latency ms per endpoint
standalone_cross,setup,after,104,vxlan,6.869465812991621,mean step latency ms per endpoint
standalone_cross,setup,before,103,key_salt_hash,217.12634858101683,mean step latency ms per endpoint
standalone_cross,setup,before,104,key_salt_hash,216.23164311600158,mean step latency ms per endpoint
standalone_cross,setup,after,103,key_salt_hash,0.0,mean step latency ms per endpoint
standalone_cross,setup,after,104,key_salt_hash,0.0,mean step latency ms per endpoint
standalone_cross,setup,before,103,crypto_install,6.046426238986896,mean step latency ms per endpoint
standalone_cross,setup,before,104,crypto_install,6.096973825009627,mean step latency ms per endpoint
standalone_cross,setup,after,103,crypto_install,14.05717316996379,mean step latency ms per endpoint
standalone_cross,setup,after,104,crypto_install,15.122225863988206,mean step latency ms per endpoint
standalone_cross,setup,before,103,crypto_attach,0.001293889000407944,mean step latency ms per endpoint
standalone_cross,setup,before,104,crypto_attach,0.0012488890015447396,mean step latency ms per endpoint
standalone_cross,setup,after,103,crypto_attach,4.433455379001316,mean step latency ms per endpoint
standalone_cross,setup,after,104,crypto_attach,4.806730027981757,mean step latency ms per endpoint
standalone_cross,setup,before,103,ip_forward,1.7004012670122393,mean step latency ms per endpoint
standalone_cross,setup,before,104,ip_forward,1.685229913989133,mean step latency ms per endpoint
standalone_cross,setup,after,103,ip_forward,0.0,mean step latency ms per endpoint
standalone_cross,setup,after,104,ip_forward,0.0,mean step latency ms per endpoint
standalone_cross,setup,before,103,forward_policy,189.18688854000447,mean step latency ms per endpoint
standalone_cross,setup,before,104,forward_policy,187.48842506697565,mean step latency ms per endpoint
standalone_cross,setup,after,103,forward_policy,0.0,mean step latency ms per endpoint
standalone_cross,setup,after,104,forward_policy,0.0,mean step latency ms per endpoint
standalone_cross,teardown,before,103,crypto_remove,1.1426284279996253,phase wall seconds per 1000 endpoints
standalone_cross,teardown,before,104,crypto_remove,0.9289806300002965,phase wall seconds per 1000 endpoints
standalone_cross,teardown,after,103,crypto_remove,0.08543023499987612,phase wall seconds per 1000 endpoints
standalone_cross,teardown,after,104,crypto_remove,0.08591559800152027,phase wall seconds per 1000 endpoints
standalone_cross,teardown,before,103,link_dump,0.03725625199967908,phase wall seconds per 1000 endpoints
standalone_cross,teardown,before,104,link_dump,0.034684924999965006,phase wall seconds per 1000 endpoints
standalone_cross,teardown,after,103,link_dump,0.035184446000130265,phase wall seconds per 1000 endpoints
standalone_cross,teardown,after,104,link_dump,0.03484439400017436,phase wall seconds per 1000 endpoints
standalone_cross,teardown,before,103,regroup,0.15064938100113068,phase wall seconds per 1000 endpoints
standalone_cross,teardown,before,104,regroup,0.14749750999999378,phase wall seconds per 1000 endpoints
standalone_cross,teardown,after,103,regroup,0.11967471200114232,phase wall seconds per 1000 endpoints
standalone_cross,teardown,after,104,regroup,0.10460359300122946,phase wall seconds per 1000 endpoints
standalone_cross,teardown,before,103,link_delete,40.627004951000345,phase wall seconds per 1000 endpoints
standalone_cross,teardown,before,104,link_delete,42.19639811700108,phase wall seconds per 1000 endpoints
standalone_cross,teardown,after,103,link_delete,1.2707275669963565,phase wall seconds per 1000 endpoints
standalone_cross,teardown,after,104,link_delete,1.1395990240016545,phase wall seconds per 1000 endpoints
standalone_cross,teardown,before,103,last_peer_crypto,0,phase wall seconds per 1000 endpoints
standalone_cross,teardown,before,104,last_peer_crypto,0,phase wall seconds per 1000 endpoints
standalone_cross,teardown,after,103,last_peer_crypto,0.0022936440000194125,phase wall seconds per 1000 endpoints
standalone_cross,teardown,after,104,last_peer_crypto,0.0019207069999538362,phase wall seconds per 1000 endpoints
standalone_cross,teardown,before,103,bridge_reset,0,phase wall seconds per 1000 endpoints
standalone_cross,teardown,before,104,bridge_reset,0,phase wall seconds per 1000 endpoints
standalone_cross,teardown,after,103,bridge_reset,0.3802575190002244,phase wall seconds per 1000 endpoints
standalone_cross,teardown,after,104,bridge_reset,0.34174535400052264,phase wall seconds per 1000 endpoints
standalone_cross,teardown,before,103,namespace_remove,0.4132757799998217,phase wall seconds per 1000 endpoints
standalone_cross,teardown,before,104,namespace_remove,0.43982560700078466,phase wall seconds per 1000 endpoints
standalone_cross,teardown,after,103,namespace_remove,0.09036685499995656,phase wall seconds per 1000 endpoints
standalone_cross,teardown,after,104,namespace_remove,0.06271697100055462,phase wall seconds per 1000 endpoints
standalone_cross,teardown,before,103,residual,0.011619925998274994,phase wall seconds per 1000 endpoints
standalone_cross,teardown,before,104,residual,0.011025658001017291,phase wall seconds per 1000 endpoints
standalone_cross,teardown,after,103,residual,0.010894041997744353,phase wall seconds per 1000 endpoints
standalone_cross,teardown,after,104,residual,0.010124571999767795,phase wall seconds per 1000 endpoints
standalone_cross,teardown,before,103,endpoint_total,42.370665787999314,phase wall seconds per 1000 endpoints
standalone_cross,teardown,before,104,endpoint_total,43.79920314800074,phase wall seconds per 1000 endpoints
standalone_cross,teardown,after,103,endpoint_total,2.0327119150006183,phase wall seconds per 1000 endpoints
standalone_cross,teardown,after,104,endpoint_total,1.7792968090016075,phase wall seconds per 1000 endpoints
standalone_cross,teardown,before,103,pool_finalize,0,phase wall seconds per 1000 endpoints
standalone_cross,teardown,before,104,pool_finalize,0,phase wall seconds per 1000 endpoints
standalone_cross,teardown,after,103,pool_finalize,19.142063895998945,phase wall seconds per 1000 endpoints
standalone_cross,teardown,after,104,pool_finalize,19.717092849999972,phase wall seconds per 1000 endpoints
standalone_cross,teardown,before,103,final_total,42.370665787999314,phase wall seconds per 1000 endpoints
standalone_cross,teardown,before,104,final_total,43.79920314800074,phase wall seconds per 1000 endpoints
standalone_cross,teardown,after,103,final_total,21.10474657299892,phase wall seconds per 1000 endpoints
standalone_cross,teardown,after,104,final_total,21.49638965900158,phase wall seconds per 1000 endpoints
